<?xml version="1.0" encoding="UTF-8"?>
<beans xmlns="http://www.springframework.org/schema/beans"
	xmlns:xsi="http://www.w3.org/2001/XMLSchema-instance"
	xmlns:context="http://www.springframework.org/schema/context"
	xmlns:util="http://www.springframework.org/schema/util"
	xmlns:cache="http://www.springframework.org/schema/cache"
	xmlns:oxm="http://www.springframework.org/schema/oxm"
	xmlns:c="http://www.springframework.org/schema/c"
	xmlns:p="http://www.springframework.org/schema/p"
    xmlns:aop="http://www.springframework.org/schema/aop"
	xsi:schemaLocation="http://www.springframework.org/schema/oxm http://www.springframework.org/schema/oxm/spring-oxm.xsd
		http://www.springframework.org/schema/beans http://www.springframework.org/schema/beans/spring-beans.xsd
		http://www.springframework.org/schema/util http://www.springframework.org/schema/util/spring-util.xsd
		http://www.springframework.org/schema/cache http://www.springframework.org/schema/cache/spring-cache.xsd
		http://www.springframework.org/schema/context http://www.springframework.org/schema/context/spring-context.xsd
        http://www.springframework.org/schema/aop http://www.springframework.org/schema/aop/spring-aop.xsd">

    <!--  RULES START -->

    <bean id="driverMessageSource" class="org.springframework.context.support.ResourceBundleMessageSource">
        <property name="basename" value="messages/driver-rules"/>
    </bean>

	<!--  DEVICE ID needs to be unique -->

    <util:map id="driverValidatorMap">
        <entry key="clientExists" value-ref="clientExistsValidator"/>
        <entry key="registerUserWithAccessCode" value-ref="registerUserWithAccessCodeUserValidator"/>
        <entry key="registerUser" value-ref="registerUserUserValidator"/>
        <!-- entry key="registerUserPolicy" value-ref="registerUserWithPolicyPolicyValidator"/ -->
        <entry key="registerUserDevicePhone" value-ref="registerUserDevicePhoneValidator"/>
        <entry key="registerAnonymousUserDevice" value-ref="registerAnonymousUserDeviceValidator"/>
        <entry key="updateUser" value-ref="updateUserUserValidator" />
        <entry key="userPasswordReset" value-ref="userPasswordResetValidator"/>
        <entry key="devicePhonePasswordReset" value-ref="devicePhonePasswordResetValidator"/>
        <entry key="enrollNewPolicy" value-ref="enrollNewPolicyValidator"/>
        <entry key="enrollNewPolicyUser" value-ref="enrollNewPolicyUserValidator"/>
    	<entry key="enrollNewPolicyCarrier" value-ref="carrierValidator"/>
    	<entry key="enrollNewPolicyClient" value-ref="clientValidator"/>
    	<entry key="enrollNewUser" value-ref="enrollUserValidator"/>
    	<entry key="removeUser" value-ref="removeUserValidator"/>
    	<entry key="removePolicy" value-ref="removePolicyValidator"/>
    	<entry key="completeUser" value-ref="completeUserValidator"/>
    	<entry key="completePolicy" value-ref="completePolicyValidator"/>
    	<entry key="modifyUser" value-ref="modifyUserValidator"/>
    	<entry key="modifyPolicy" value-ref="modifyPolicyValidator"/>
    	<entry key="registerExistingUser" value-ref="registerExistingUserUserValidator"/>
    	<entry key="emailUserValidator" value-ref="emailUserValidator"/>
    </util:map>

    <util:list id="clientExistsRules">
        <bean class="com.lexisnexis.telematics.driver.domain.client.rule.ClientExistsRule" c:errorCode="client.notexists" c:msgSource-ref="driverMessageSource"/>
    </util:list>
    <bean id="clientExistsValidator" class="com.lexisnexis.telematics.driver.domain.client.rule.ClientExistsValidator">
        <property name="rules" ref="clientExistsRules" />
    </bean>

    <util:list id="registerUserUserRules">
        <!-- bean class="com.lexisnexis.telematics.driver.domain.user.rule.UserEmailExistsRule" c:errorCode="registerUser.email.exists" c:msgSource-ref="driverMessageSource"/ -->
        <bean class="com.lexisnexis.telematics.driver.domain.user.rule.UserEmailFormatRule" c:errorCode="registerUser.email.invalidFormat" c:msgSource-ref="driverMessageSource"/>
        <bean class="com.lexisnexis.telematics.driver.domain.user.rule.UserEmailExistsCreateDateAndEndDateOverlapRule" c:errorCode="registerUser.email.existsForDates" c:msgSource-ref="driverMessageSource"/>
        <bean class="com.lexisnexis.telematics.driver.domain.user.rule.UserFirstNameRule" c:errorCode="registerUser.email.invalidFirstName" c:msgSource-ref="driverMessageSource"/>
        <bean class="com.lexisnexis.telematics.driver.domain.user.rule.UserLastNameRule" c:errorCode="registerUser.email.invalidLastName" c:msgSource-ref="driverMessageSource"/>
        <bean class="com.lexisnexis.telematics.driver.domain.user.rule.UserPasswordFormatRule" c:errorCode="registerUser.password.required" c:msgSource-ref="driverMessageSource"/>
        <bean class="com.lexisnexis.telematics.driver.domain.user.rule.UsernameExistsRule" c:errorCode="registerUser.username.exists" c:msgSource-ref="driverMessageSource"/>
        <bean class="com.lexisnexis.telematics.driver.domain.user.rule.LeaderboardAliasExistsRule" c:errorCode="registerUser.leaderboardAlias.exists" c:msgSource-ref="driverMessageSource"/>
    </util:list>
    <bean id="registerUserUserValidator" class="com.lexisnexis.telematics.driver.domain.user.rule.RegisterUserUserValidator">
        <property name="rules" ref="registerUserUserRules" />
    </bean>

    <util:list id="registerExistingUserUserRules">
        <bean class="com.lexisnexis.telematics.driver.domain.user.rule.UserEmailExistsRule" c:errorCode="registerUser.email.exists" c:msgSource-ref="driverMessageSource"/>
        <bean class="com.lexisnexis.telematics.driver.domain.user.rule.UserEmailFormatRule" c:errorCode="registerUser.email.invalidFormat" c:msgSource-ref="driverMessageSource"/>
        <bean class="com.lexisnexis.telematics.driver.domain.user.rule.UserPasswordFormatRule" c:errorCode="registerUser.password.required" c:msgSource-ref="driverMessageSource"/>
    </util:list>
    <bean id="registerExistingUserUserValidator" class="com.lexisnexis.telematics.driver.domain.user.rule.RegisterExistingUserUserValidator">
        <property name="rules" ref="registerExistingUserUserRules" />
    </bean>

	
    <util:list id="registerUserWithAccessCodeUserRules">
        <bean class="com.lexisnexis.telematics.driver.domain.user.rule.UserEmailWithAccessCodeExistsRule" c:errorCode="registerUser.email.exists" c:msgSource-ref="driverMessageSource"/>
        <bean class="com.lexisnexis.telematics.driver.domain.user.rule.UserEmailFormatRule" c:errorCode="registerUser.email.invalidFormat" c:msgSource-ref="driverMessageSource"/>
        <bean class="com.lexisnexis.telematics.driver.domain.user.rule.UserFirstNameRule" c:errorCode="registerUser.email.invalidFirstName" c:msgSource-ref="driverMessageSource"/>
        <bean class="com.lexisnexis.telematics.driver.domain.user.rule.UserLastNameRule" c:errorCode="registerUser.email.invalidLastName" c:msgSource-ref="driverMessageSource"/>
        <bean class="com.lexisnexis.telematics.driver.domain.user.rule.UserPasswordFormatRule" c:errorCode="registerUser.password.required" c:msgSource-ref="driverMessageSource"/>
        <bean class="com.lexisnexis.telematics.driver.domain.user.rule.UsernameWithAccessCodeExistsRule" c:errorCode="registerUser.username.exists" c:msgSource-ref="driverMessageSource"/>
        <bean class="com.lexisnexis.telematics.driver.domain.user.rule.LeaderboardAliasExistsRule" c:errorCode="registerUser.leaderboardAlias.exists" c:msgSource-ref="driverMessageSource"/>
    </util:list>
    <bean id="registerUserWithAccessCodeUserValidator" class="com.lexisnexis.telematics.driver.domain.user.rule.RegisterUserWithAccessCodeUserValidator">
        <property name="rules" ref="registerUserWithAccessCodeUserRules" />
    </bean>

    <!-- util:list id="registerUserWithPolicyPolicyRules">
        <bean class="com.lexisnexis.telematics.driver.domain.policy.rule.PolicyNumberExistsRule" c:errorCode="registerUser.policyNumber.exists" c:msgSource-ref="driverMessageSource"/>
        <bean class="com.lexisnexis.telematics.driver.domain.policy.rule.PolicyNumberRule" c:errorCode="registerUser.policyNumber.invalidFormat" c:msgSource-ref="driverMessageSource"/>
    </util:list>
    <bean id="registerUserWithPolicyPolicyValidator" class="com.lexisnexis.telematics.driver.domain.policy.rule.RegisterUserWithPolicyPolicyValidator">
        <property name="rules" ref="registerUserWithPolicyPolicyRules" />
    </bean -->

    <util:list id="registerUserDevicePhoneRules">
        <!-- bean class="com.lexisnexis.telematics.driver.domain.devicephone.rule.DevicePhoneIdExistsRule" c:errorCode="registerUser.devicePhone.exists" c:msgSource-ref="driverMessageSource"/ -->
        <bean class="com.lexisnexis.telematics.driver.domain.devicephone.rule.DevicePhoneIdRule" c:errorCode="registerUser.devicePhone.invalidFormat" c:msgSource-ref="driverMessageSource"/>
    </util:list>
    <bean id="registerUserDevicePhoneValidator" class="com.lexisnexis.telematics.driver.domain.devicephone.rule.RegisterUserDevicePhoneValidator">
        <property name="rules" ref="registerUserDevicePhoneRules" />
    </bean>

    <util:list id="registerAnonymousUserDeviceRules">
        <bean class="com.lexisnexis.telematics.driver.domain.devicephone.rule.DevicePhoneIdExistsRule" c:errorCode="registerUser.devicePhone.exists" c:msgSource-ref="driverMessageSource"/>
        <bean class="com.lexisnexis.telematics.driver.domain.devicephone.rule.DevicePhoneIdRule" c:errorCode="registerUser.devicePhone.invalidFormat" c:msgSource-ref="driverMessageSource"/>
    </util:list>
    <bean id="registerAnonymousUserDeviceValidator" class="com.lexisnexis.telematics.driver.domain.devicephone.rule.RegisterAnonymousUserDeviceValidator">
        <property name="rules" ref="registerAnonymousUserDeviceRules" />
    </bean>

    <util:list id="updateUserUserRules">
        <bean class="com.lexisnexis.telematics.driver.domain.user.rule.UpdateUserEmailExistsRule" c:errorCode="registerUser.email.exists" c:msgSource-ref="driverMessageSource"/>
        <bean class="com.lexisnexis.telematics.driver.domain.user.rule.UserEmailFormatRule" c:errorCode="registerUser.email.invalidFormat" c:msgSource-ref="driverMessageSource"/>
        <bean class="com.lexisnexis.telematics.driver.domain.user.rule.UserFirstNameRule" c:errorCode="registerUser.email.invalidFirstName" c:msgSource-ref="driverMessageSource"/>
        <bean class="com.lexisnexis.telematics.driver.domain.user.rule.UserLastNameRule" c:errorCode="registerUser.email.invalidLastName" c:msgSource-ref="driverMessageSource"/>
        <!-- bean class="com.lexisnexis.telematics.driver.domain.user.rule.UserPasswordFormatRule" c:errorCode="registerUser.password.required" c:msgSource-ref="driverMessageSource"/ -->
        <bean class="com.lexisnexis.telematics.driver.domain.user.rule.UpdateUserUsernameExistsRule" c:errorCode="registerUser.username.exists" c:msgSource-ref="driverMessageSource"/>
        <bean class="com.lexisnexis.telematics.driver.domain.user.rule.LeaderboardAliasExistsRule" c:errorCode="registerUser.leaderboardAlias.exists" c:msgSource-ref="driverMessageSource"/>
    </util:list>
    <bean id="updateUserUserValidator" class="com.lexisnexis.telematics.driver.domain.user.rule.UpdateUserUserValidator">
        <property name="rules" ref="updateUserUserRules" />
    </bean>

    <util:list id="userPasswordResetRules">
        <bean class="com.lexisnexis.telematics.driver.domain.user.rule.UserEmailNotExistsRule" c:errorCode="resetPassword.email.notexists" c:msgSource-ref="driverMessageSource"/>
        <bean class="com.lexisnexis.telematics.driver.domain.user.rule.UserEmailFormatRule" c:errorCode="resetPassword.email.invalidFormat" c:msgSource-ref="driverMessageSource"/>
    </util:list>
    <bean id="userPasswordResetValidator" class="com.lexisnexis.telematics.driver.domain.user.rule.ResetPasswordValidator">
        <property name="rules" ref="userPasswordResetRules" />
    </bean>

    <util:list id="devicePhonePasswordResetRules">
        <bean class="com.lexisnexis.telematics.driver.domain.devicephone.rule.DevicePhoneIdNotExistsRule" c:errorCode="resetPassword.devicePhone.notexists" c:msgSource-ref="driverMessageSource"/>
        <bean class="com.lexisnexis.telematics.driver.domain.devicephone.rule.DevicePhoneIdRule" c:errorCode="resetPassword.devicePhone.invalidFormat" c:msgSource-ref="driverMessageSource"/>
    </util:list>
    <bean id="devicePhonePasswordResetValidator" class="com.lexisnexis.telematics.driver.domain.devicephone.rule.ResetPasswordValidator">
        <property name="rules" ref="devicePhonePasswordResetRules" />
    </bean>
    
    <util:list id="userEmailRules">
<!--         <bean class="com.lexisnexis.telematics.driver.domain.user.rule.UserCanBeInvitedRule" c:errorCode="inviteUser.invalid.status" c:msgSource-ref="driverMessageSource"/>-->
        <bean class="com.lexisnexis.telematics.driver.domain.user.rule.UserEmailExistsRule" c:errorCode="inviteUser.email.exists" c:msgSource-ref="driverMessageSource"/>
        <bean class="com.lexisnexis.telematics.driver.domain.user.rule.UserEmailFormatRule" c:errorCode="inviteUser.email.invalidFormat" c:msgSource-ref="driverMessageSource"/>
    </util:list>
    <bean id="emailUserValidator" class="com.lexisnexis.telematics.driver.domain.user.rule.EmailUserValidator">
        <property name="rules" ref="userEmailRules" />
    </bean>
    
    <!--  RULES END -->
    
    
    <bean id="aMBestProvider" class="com.lexisnexis.telematics.infrastructure.ambest.AMBestProviderDao">
    	<property name="dataSource" ref="dataSource"/>
    </bean>

    <!-- Carrier / customer number/ambest -->
    <util:list id="carrierRules">
        <bean class="com.lexisnexis.telematics.domain.carrier.aggregate.rule.CarrierAMBestNumberRule" c:errorCode="ambest.invalidAMBestNbr" c:msgSource-ref="driverMessageSource">
	        <property name="aMBestProvider" ref="aMBestProvider" />
        </bean>
    </util:list>
    
    <bean id="carrierValidator" class="com.lexisnexis.telematics.domain.carrier.aggregate.rule.CarrierValidator">        
        <property name="rules" ref="carrierRules" />
    </bean>  
    
   
 	<!--   account -->
     <util:list id="clientRules">
   		<bean class="com.lexisnexis.telematics.driver.domain.client.rule.InvalidAccountNumberRule" c:errorCode="account.invalidAcctNbr" c:msgSource-ref="driverMessageSource"/>
       	<bean class="com.lexisnexis.telematics.driver.domain.client.rule.AccountNotExistsRule" c:errorCode="account.acctNotExists" c:msgSource-ref="driverMessageSource">
        	<property name="insuranceContextLookupService" ref="telematicsDriverInsuranceContextLookupService" />
        </bean>
       	<bean class="com.lexisnexis.telematics.driver.domain.client.rule.AccountNotAllowedRule" c:errorCode="account.acctNotAllowed" c:msgSource-ref="driverMessageSource"/>
    </util:list>
    
    <bean id="clientValidator" class="com.lexisnexis.telematics.driver.domain.client.rule.ClientValidator">        
        <property name="rules" ref="clientRules" />
    </bean>  
 
    <!--   policy -->
    <util:list id="enrollNewPolicyRules">
        <bean class="com.lexisnexis.telematics.driver.domain.policy.rule.PolicyNumberShouldNotExistRule" c:errorCode="policy.policyExists" c:msgSource-ref="messageSource"/>
        <bean class="com.lexisnexis.telematics.driver.domain.policy.rule.PolicyNumberRule" c:errorCode="policy.invalidPolicyNbr" c:msgSource-ref="driverMessageSource"/>
        <bean class="com.lexisnexis.telematics.driver.domain.policy.rule.PolicyHasUserRule" c:errorCode="enrollNewPolicy.policy.atleastOneParticipant" c:msgSource-ref="driverMessageSource"/>
        <bean class="com.lexisnexis.telematics.driver.domain.policy.rule.PolicyInvalidCreatedDateRule" c:errorCode="invalidChangeEffectiveDate" c:msgSource-ref="driverMessageSource"/>
        <bean class="com.lexisnexis.telematics.driver.domain.policy.rule.PolicyIncorrectCreatedDateRule" c:errorCode="incorrectChangeEffectiveDate" c:msgSource-ref="driverMessageSource"/>
		<bean class="com.lexisnexis.telematics.driver.domain.policy.rule.PolicyStateRule" c:errorCode="policy.invalidState" c:msgSource-ref="driverMessageSource"/>
		<bean class="com.lexisnexis.telematics.driver.domain.policy.rule.PolicyNumberLengthRule" c:errorCode="policy.numberLength" c:msgSource-ref="driverMessageSource"/>        
       
    </util:list>
    <bean id="enrollNewPolicyValidator" class="com.lexisnexis.telematics.driver.domain.policy.rule.PolicyValidator">        
        <property name="rules" ref="enrollNewPolicyRules" />
    </bean> 
    
    <util:list id="enrollNewPolicyUserRules">
        <bean class="com.lexisnexis.telematics.driver.domain.user.rule.UserDateOfBirthRule" c:errorCode="participant.invalidDOB" c:msgSource-ref="driverMessageSource"/>
        <bean class="com.lexisnexis.telematics.driver.domain.user.rule.UserAlreadyExistsRule" c:errorCode="participant.alreadyExists" c:msgSource-ref="driverMessageSource"/>
 	 </util:list>
 	 <bean id="enrollNewPolicyUserValidator" class="com.lexisnexis.telematics.driver.domain.user.rule.UserValidator">
       <property name="rules" ref="enrollNewPolicyUserRules"/>
   	</bean>
   	
    <!--  RULES END -->
    
    
    <!-- Driver Batch Rules - Start -->
    
    <util:list id="enrollNewUserRules">
       	<bean class="com.lexisnexis.telematics.driver.domain.user.rule.UserDateOfBirthRule" c:errorCode="participant.invalidDOB" c:msgSource-ref="driverMessageSource"/>
       	<bean class="com.lexisnexis.telematics.driver.domain.user.rule.UserEnrollmentDateRule" c:errorCode="participant.invalidEnrollDate" c:msgSource-ref="driverMessageSource"/>
       	<bean class="com.lexisnexis.telematics.driver.domain.user.rule.EstimatedPolicyCompletionDateRule" c:errorCode="participant.invalidPolicyCompletionDate" c:msgSource-ref="driverMessageSource"/>
       	<bean class="com.lexisnexis.telematics.driver.domain.user.rule.EstimatedPolicyDiscountAppliedDateRule" c:errorCode="participant.invalidDiscountAppliedDate" c:msgSource-ref="driverMessageSource"/>
       	<bean class="com.lexisnexis.telematics.driver.domain.user.rule.UserAlreadyEnrolledRule" c:errorCode="participant.alreadyExists" c:msgSource-ref="driverMessageSource"/>
	 </util:list>
    <bean id="enrollUserValidator" class="com.lexisnexis.telematics.driver.domain.user.rule.EnrollUserValidator">        
        <property name="rules" ref="enrollNewUserRules" />
    </bean> 
    
    <util:list id="removeUserRules">
     	<bean class="com.lexisnexis.telematics.driver.domain.user.rule.UserShouldExistRule" c:errorCode="participant.notExists" c:msgSource-ref="driverMessageSource"/>
 	 </util:list>
    <bean id="removeUserValidator" class="com.lexisnexis.telematics.driver.domain.user.rule.RemoveUserValidator">        
        <property name="rules" ref="removeUserRules" />
    </bean> 
    
    <util:list id="completeUserRules">
     	<bean class="com.lexisnexis.telematics.driver.domain.user.rule.UserShouldExistRule" c:errorCode="participant.notExists" c:msgSource-ref="driverMessageSource"/>
 	 </util:list>
    <bean id="completeUserValidator" class="com.lexisnexis.telematics.driver.domain.user.rule.CompleteUserValidator">        
        <property name="rules" ref="completeUserRules" />
    </bean> 
    
    <util:list id="completePolicyRules">
     	<bean class="com.lexisnexis.telematics.driver.domain.policy.rule.PolicyNumberExistsRule" c:errorCode="policy.policyNotExists" c:msgSource-ref="driverMessageSource"/>
     	<bean class="com.lexisnexis.telematics.driver.domain.policy.rule.PolicyUsersCompletedRule" c:errorCode="participant.usersNotComplete" c:msgSource-ref="driverMessageSource"/>
 	 </util:list>
    <bean id="completePolicyValidator" class="com.lexisnexis.telematics.driver.domain.policy.rule.CompletePolicyValidator">        
        <property name="rules" ref="completePolicyRules" />
    </bean> 
    
     <util:list id="removePolicyRules">
     	<bean class="com.lexisnexis.telematics.driver.domain.policy.rule.PolicyNumberExistsRule" c:errorCode="policy.policyNotExists" c:msgSource-ref="driverMessageSource"/>
 	 </util:list>
    <bean id="removePolicyValidator" class="com.lexisnexis.telematics.driver.domain.policy.rule.RemovePolicyValidator">        
        <property name="rules" ref="removePolicyRules" />
    </bean>
    
    <util:list id="modifyUserRules">
       	<bean class="com.lexisnexis.telematics.driver.domain.user.rule.UserDateOfBirthRule" c:errorCode="participant.invalidDOB" c:msgSource-ref="driverMessageSource"/>
       	<bean class="com.lexisnexis.telematics.driver.domain.user.rule.EstimatedPolicyDiscountAppliedDateRule" c:errorCode="participant.invalidDiscountAppliedDate" c:msgSource-ref="driverMessageSource"/>
       	<bean class="com.lexisnexis.telematics.driver.domain.user.rule.UserShouldExistByTelematicsIdRule" c:errorCode="participant.notExists" c:msgSource-ref="driverMessageSource"/>
	 </util:list>
    <bean id="modifyUserValidator" class="com.lexisnexis.telematics.driver.domain.user.rule.UserModificationValidator">        
        <property name="rules" ref="modifyUserRules" />
    </bean> 
    
     <util:list id="modifyPolicyRules">
     	<bean class="com.lexisnexis.telematics.driver.domain.policy.rule.PolicyNumberExistsRule" c:errorCode="policy.policyNotExists" c:msgSource-ref="driverMessageSource"/>
 	 </util:list>
    <bean id="modifyPolicyValidator" class="com.lexisnexis.telematics.driver.domain.policy.rule.PolicyModificationValidator">        
        <property name="rules" ref="modifyPolicyRules" />
    </bean>
    
     <util:map id="driverBatchValidatorMap">
        <entry key="ENROLL_DRIVER" value-ref="enrollUserTransactionRecordValidator"/>
        <entry key="COMPLETE_DRIVER" value-ref="completeUserTransactionRecordValidator"/>
        <entry key="REMOVE_DRIVER" value-ref="removeUserTransactionRecordValidator"/>
        <entry key="DRIVER_MODIFICATION" value-ref="userModificationTransactionRecordValidator"/>
        <entry key="COMPLETE_POLICY" value-ref="completePolicyTransactionRecordValidator"/>
        <entry key="REMOVE_POLICY" value-ref="removePolicyTransactionRecordValidator"/>
        <entry key="POLICY_MODIFICATION" value-ref="policyModificationTransactionRecordValidator"/>
        <entry key="BATCH_HEADER" value-ref="batchHeaderValidator"/>
        <entry key="BATCH_FOOTER" value-ref="batchFooterValidator"/>
    </util:map>

	<bean id="enrollUserTransactionRecordValidator" class="com.lexisnexis.telematics.driver.domain.user.rule.EnrollUserTransactionRecordValidator">
        <property name="rules" ref="enrollUserBatchRules" />
    </bean>
    
    <bean id="completeUserTransactionRecordValidator" class="com.lexisnexis.telematics.driver.domain.user.rule.CompleteUserTransactionRecordValidator">
        <property name="rules" ref="completeUserBatchRules" />
    </bean>
    
    <bean id="removeUserTransactionRecordValidator" class="com.lexisnexis.telematics.driver.domain.user.rule.RemoveUserTransactionRecordValidator">
        <property name="rules" ref="removeUserBatchRules" />
    </bean>
    
    <bean id="userModificationTransactionRecordValidator" class="com.lexisnexis.telematics.driver.domain.user.rule.UserModificationTransactionRecordValidator">
        <property name="rules" ref="userModificationBatchRules" />
    </bean>
    
    <bean id="completePolicyTransactionRecordValidator" class="com.lexisnexis.telematics.driver.domain.policy.rule.CompletePolicyTransactionRecordValidator">
        <property name="rules" ref="completePolicyBatchRules" />
    </bean>
    
    <bean id="removePolicyTransactionRecordValidator" class="com.lexisnexis.telematics.driver.domain.policy.rule.RemovePolicyTransactionRecordValidator">
        <property name="rules" ref="removePolicyBatchRules" />
    </bean>
    
    <bean id="policyModificationTransactionRecordValidator" class="com.lexisnexis.telematics.driver.domain.policy.rule.PolicyModificationTransactionRecordValidator">
        <property name="rules" ref="policyModificationBatchRules" />
    </bean>
    
    <bean id="batchHeaderValidator" class="com.lexisnexis.telematics.driver.domain.batch.rule.HeaderRecordValidator">
        <property name="rules" ref="batchHeaderRules" />
    </bean>
    
    <bean id="batchFooterValidator" class="com.lexisnexis.telematics.driver.domain.batch.rule.FooterRecordValidator">
        <property name="rules" ref="batchFooterRules" />
    </bean>
    
    <util:list id="batchHeaderRules">
        <bean class="com.lexisnexis.telematics.driver.domain.batch.rule.HeaderRecordRule" c:errorCode="batch.header.invalid" c:msgSource-ref="driverMessageSource"/>
    </util:list>
    
    <util:list id="batchFooterRules">
        <bean class="com.lexisnexis.telematics.driver.domain.batch.rule.FooterRecordRule" c:errorCode="batch.footer.invalid" c:msgSource-ref="driverMessageSource"/>
    </util:list>
    
    <util:list id="enrollUserBatchRules">
    	<bean class="com.lexisnexis.telematics.driver.domain.batch.rule.RequiredFieldsRule" c:errorCode="batch.record.required.missing" c:msgSource-ref="driverMessageSource"/>
        <bean class="com.lexisnexis.telematics.driver.domain.user.rule.EnrollUserRule" c:errorCode="batch.record.invalid" c:msgSource-ref="driverMessageSource"/>
    </util:list>
    
    <util:list id="completeUserBatchRules">
    	<bean class="com.lexisnexis.telematics.driver.domain.batch.rule.RequiredFieldsRule" c:errorCode="batch.record.required.missing" c:msgSource-ref="driverMessageSource"/>
        <bean class="com.lexisnexis.telematics.driver.domain.user.rule.CompleteUserRule" c:errorCode="batch.record.invalid" c:msgSource-ref="driverMessageSource"/>
    </util:list>
    
    <util:list id="removeUserBatchRules">
    	<bean class="com.lexisnexis.telematics.driver.domain.batch.rule.RequiredFieldsRule" c:errorCode="batch.record.required.missing" c:msgSource-ref="driverMessageSource"/>
        <bean class="com.lexisnexis.telematics.driver.domain.user.rule.RemoveUserRule" c:errorCode="batch.record.invalid" c:msgSource-ref="driverMessageSource"/>
    </util:list>
    
    <util:list id="userModificationBatchRules">
    	<bean class="com.lexisnexis.telematics.driver.domain.batch.rule.RequiredFieldsRule" c:errorCode="batch.record.required.missing" c:msgSource-ref="driverMessageSource"/>
        <bean class="com.lexisnexis.telematics.driver.domain.user.rule.UserModificationRule" c:errorCode="batch.record.invalid" c:msgSource-ref="driverMessageSource"/>
    </util:list>
    
    <util:list id="completePolicyBatchRules">
    	<bean class="com.lexisnexis.telematics.driver.domain.batch.rule.RequiredFieldsRule" c:errorCode="batch.record.required.missing" c:msgSource-ref="driverMessageSource"/>
        <bean class="com.lexisnexis.telematics.driver.domain.policy.rule.CompletePolicyRule" c:errorCode="batch.record.invalid" c:msgSource-ref="driverMessageSource"/>
    </util:list>
    
    <util:list id="removePolicyBatchRules">
    	<bean class="com.lexisnexis.telematics.driver.domain.batch.rule.RequiredFieldsRule" c:errorCode="batch.record.required.missing" c:msgSource-ref="driverMessageSource"/>
        <bean class="com.lexisnexis.telematics.driver.domain.policy.rule.RemovePolicyRule" c:errorCode="batch.record.invalid" c:msgSource-ref="driverMessageSource"/>
    </util:list>
    
    <util:list id="policyModificationBatchRules">
    	<bean class="com.lexisnexis.telematics.driver.domain.batch.rule.RequiredFieldsRule" c:errorCode="batch.record.required.missing" c:msgSource-ref="driverMessageSource"/>
        <bean class="com.lexisnexis.telematics.driver.domain.policy.rule.PolicyModificationRule" c:errorCode="batch.record.invalid" c:msgSource-ref="driverMessageSource"/>
    </util:list>
    
    <util:map id="transactionRecordRequiredFieldsMap">
    	<!-- Fields from TransactionRecord Dto -->
		<entry key="ENROLL_DRIVER">
			<value>
				ambestNumber,lexisNexisAccount,transactionCode,policyNumber,discountProgramId,driverLastName,driverFirstName,
				driverDOB,driverEnrollmentDate,driverCompletionDate,driverDiscountAppliedDate
			</value>
		</entry>
		<entry key="REMOVE_DRIVER">
			<value>
				ambestNumber,lexisNexisAccount,transactionCode,
                policyNumber,discountProgramId,telematicsId,driverLastName,driverFirstName,driverDOB
			</value>
		</entry>
		<entry key="COMPLETE_DRIVER">
			<value>
				ambestNumber,lexisNexisAccount,transactionCode,policyNumber,discountProgramId,telematicsId,
				driverCompletionDate,driverDiscountAppliedDate,finalDriverDiscountPercent
			</value>
		</entry>
		<entry key="DRIVER_MODIFICATION">
			<value>
				ambestNumber,lexisNexisAccount,transactionCode,policyNumber,discountProgramId,telematicsId,driverLastName,driverFirstName,
				driverDOB,driverCompletionDate,driverDiscountAppliedDate
			</value>
		</entry>
		<entry key="COMPLETE_POLICY">
			<value>
				ambestNumber,lexisNexisAccount,transactionCode,policyNumber,finalPolicyDiscountPercent
			</value>
		</entry>
		<entry key="REMOVE_POLICY">
			<value>
				ambestNumber,lexisNexisAccount,transactionCode,policyNumber
			</value>
		</entry>
		<entry key="POLICY_MODIFICATION">
			<value>
				ambestNumber,lexisNexisAccount,transactionCode,driverCompletionDate,driverDiscountAppliedDate
			</value>
		</entry>
	</util:map>
	<!-- Driver Batch Rules - End -->
	
</beans>
    
