<?xml version="1.0" encoding="UTF-8"?>
<beans xmlns="http://www.springframework.org/schema/beans"
	xmlns:xsi="http://www.w3.org/2001/XMLSchema-instance"
	xmlns:context="http://www.springframework.org/schema/context"
	xmlns:util="http://www.springframework.org/schema/util"
	xmlns:cache="http://www.springframework.org/schema/cache"
	xmlns:oxm="http://www.springframework.org/schema/oxm"
	xmlns:c="http://www.springframework.org/schema/c"
	xmlns:p="http://www.springframework.org/schema/p"
    xmlns:aop="http://www.springframework.org/schema/aop"
	xsi:schemaLocation="http://www.springframework.org/schema/oxm http://www.springframework.org/schema/oxm/spring-oxm.xsd
		http://www.springframework.org/schema/beans http://www.springframework.org/schema/beans/spring-beans.xsd
		http://www.springframework.org/schema/util http://www.springframework.org/schema/util/spring-util.xsd
		http://www.springframework.org/schema/cache http://www.springframework.org/schema/cache/spring-cache.xsd
		http://www.springframework.org/schema/context http://www.springframework.org/schema/context/spring-context.xsd
        http://www.springframework.org/schema/aop http://www.springframework.org/schema/aop/spring-aop.xsd">
    
	<!-- this MessageSource is being used for SOAP/webservices -->
	<bean id="messageSource" class="org.springframework.context.support.ResourceBundleMessageSource">
	    <property name="basename" value="messages/mobile-rules"/>
	</bean>
	
    <bean id="aMBestProvider" class="com.lexisnexis.telematics.infrastructure.ambest.AMBestProviderDao">
    	<property name="dataSource" ref="dataSource"/>
    </bean>

    <util:list id="carrierRules">
        <bean class="com.lexisnexis.telematics.domain.carrier.aggregate.rule.CarrierAMBestNumberRule" c:errorCode="ambest.invalidAMBestNbr" c:msgSource-ref="messageSource">
	        <property name="aMBestProvider" ref="aMBestProvider" />
        </bean>
    </util:list>
    
    <bean id="carrierValidator" class="com.lexisnexis.telematics.domain.carrier.aggregate.rule.CarrierValidator">        
        <property name="rules" ref="carrierRules" />
    </bean>  
    
    <util:list id="accountRules">
        <bean class="com.lexisnexis.telematics.domain.carrier.aggregate.rule.AccountNumberRule" c:errorCode="account.invalidAcctNbr"  c:msgSource-ref="messageSource" />
        <bean class="com.lexisnexis.telematics.domain.carrier.aggregate.rule.AccountCustomerNumberRule" c:errorCode="account.acctNotExists"  c:msgSource-ref="messageSource">
        	<property name="insuranceContextLookupService" ref="insuranceContextLookupService" />
        </bean>
        <bean class="com.lexisnexis.telematics.domain.carrier.aggregate.rule.AccountAssociatedWithAllowedAccountsRule" c:errorCode="account.acctNotAllowed"  c:msgSource-ref="messageSource" />
    </util:list>
    
    <bean id="accountValidator" class="com.lexisnexis.telematics.domain.carrier.aggregate.rule.AccountValidator">        
        <property name="rules" ref="accountRules" />
    </bean>  

    <util:list id="policyNotExistsRules">
        <bean class="com.lexisnexis.telematics.domain.carrier.aggregate.rule.PolicyNotExistsRule" c:errorCode="policy.policyNotExists" c:msgSource-ref="messageSource"/>
    </util:list>
    
    <util:list id="attemptToAddPolicyWithParticipantsRules">
    	<bean class="com.lexisnexis.telematics.domain.carrier.aggregate.rule.PolicyNumberAvailableRule" c:errorCode="policy.policyExists" c:msgSource-ref="messageSource"/>
        <bean class="com.lexisnexis.telematics.domain.carrier.aggregate.rule.PolicyNumberRule" c:errorCode="policy.invalidPolicyNbr" c:msgSource-ref="messageSource"/>
        <bean class="com.lexisnexis.telematics.domain.carrier.aggregate.rule.PolicyTypeRule" c:errorCode="policy.invalidPolType" c:msgSource-ref="messageSource"/>
        <bean class="com.lexisnexis.telematics.domain.carrier.aggregate.rule.PolicyInsuranceTypeRule" c:errorCode="policy.invalidInsType" c:msgSource-ref="messageSource"/>
        <bean class="com.lexisnexis.telematics.domain.carrier.aggregate.rule.PolicyHasParticipantRule" c:errorCode="policy.atleastOneParticipant" c:msgSource-ref="messageSource"/>
        <bean class="com.lexisnexis.telematics.domain.carrier.aggregate.rule.PolicyStartDateRule" c:errorCode="invalidChangeEffectiveDate" c:msgSource-ref="messageSource"/>
    </util:list>
    
    <bean id="attemptToAddPolicyWithParticipantsValidator" class="com.lexisnexis.telematics.domain.carrier.aggregate.rule.PolicyValidator">        
        <property name="rules" ref="attemptToAddPolicyWithParticipantsRules" />
    </bean> 
    
    <util:list id="attemptToAddPolicyWithParticipantsAndVehiclesRules">
 	  	<bean class="com.lexisnexis.telematics.domain.carrier.aggregate.rule.PolicyNumberAvailableRule" c:errorCode="policy.policyExists" c:msgSource-ref="messageSource"/>
        <bean class="com.lexisnexis.telematics.domain.carrier.aggregate.rule.PolicyNumberRule" c:errorCode="policy.invalidPolicyNbr" c:msgSource-ref="messageSource"/>
        <bean class="com.lexisnexis.telematics.domain.carrier.aggregate.rule.PolicyTypeRule" c:errorCode="policy.invalidPolType" c:msgSource-ref="messageSource"/>
        <bean class="com.lexisnexis.telematics.domain.carrier.aggregate.rule.PolicyInsuranceTypeRule" c:errorCode="policy.invalidInsType" c:msgSource-ref="messageSource"/>
        <bean class="com.lexisnexis.telematics.domain.carrier.aggregate.rule.PolicyHasParticipantRule" c:errorCode="policy.atleastOneParticipant" c:msgSource-ref="messageSource"/>
        <bean class="com.lexisnexis.telematics.domain.carrier.aggregate.rule.PolicyHasVehicleRule" c:errorCode="policy.atleastOneVehicle" c:msgSource-ref="messageSource"/>
        <bean class="com.lexisnexis.telematics.domain.carrier.aggregate.rule.PolicyStartDateRule" c:errorCode="invalidChangeEffectiveDate" c:msgSource-ref="messageSource"/>
   </util:list>
    
    <bean id="attemptToAddPolicyWithParticipantsAndVehiclesValidator" class="com.lexisnexis.telematics.domain.carrier.aggregate.rule.PolicyValidator">        
        <property name="rules" ref="attemptToAddPolicyWithParticipantsAndVehiclesRules" />
    </bean> 
    
    <util:list id="attemptToAddPolicyOnlyRules">
    	<bean class="com.lexisnexis.telematics.domain.carrier.aggregate.rule.PolicyNumberAvailableRule" c:errorCode="policy.policyExists" c:msgSource-ref="messageSource"/>
        <bean class="com.lexisnexis.telematics.domain.carrier.aggregate.rule.PolicyNumberRule" c:errorCode="policy.invalidPolicyNbr" c:msgSource-ref="messageSource"/>
        <bean class="com.lexisnexis.telematics.domain.carrier.aggregate.rule.PolicyTypeRule" c:errorCode="policy.invalidPolType" c:msgSource-ref="messageSource"/>
        <bean class="com.lexisnexis.telematics.domain.carrier.aggregate.rule.PolicyInsuranceTypeRule" c:errorCode="policy.invalidInsType" c:msgSource-ref="messageSource"/>
        <bean class="com.lexisnexis.telematics.domain.carrier.aggregate.rule.PolicyStartDateRule" c:errorCode="invalidChangeEffectiveDate" c:msgSource-ref="messageSource"/>
    </util:list>
    
    <bean id="attemptToAddPolicyOnlyValidator" class="com.lexisnexis.telematics.domain.carrier.aggregate.rule.PolicyValidator">        
        <property name="rules" ref="attemptToAddPolicyOnlyRules" />
    </bean> 
    
    <util:list id="addPolicyRules">
    	<bean class="com.lexisnexis.telematics.domain.carrier.aggregate.rule.PolicyNumberAvailableRule" c:errorCode="policy.policyExists" c:msgSource-ref="messageSource"/>
        <bean class="com.lexisnexis.telematics.domain.carrier.aggregate.rule.PolicyNumberRule" c:errorCode="policy.invalidPolicyNbr" c:msgSource-ref="messageSource"/>
        <bean class="com.lexisnexis.telematics.domain.carrier.aggregate.rule.PolicyTypeRule" c:errorCode="policy.invalidPolType" c:msgSource-ref="messageSource"/>
        <bean class="com.lexisnexis.telematics.domain.carrier.aggregate.rule.PolicyInsuranceTypeRule" c:errorCode="policy.invalidInsType" c:msgSource-ref="messageSource"/>
        <bean class="com.lexisnexis.telematics.domain.carrier.aggregate.rule.PolicyHasParticipantRule" c:errorCode="policy.atleastOneParticipant" c:msgSource-ref="messageSource"/>
        <bean class="com.lexisnexis.telematics.domain.carrier.aggregate.rule.PolicyHasVehicleRule" c:errorCode="policy.atleastOneVehicle" c:msgSource-ref="messageSource"/>
        <bean class="com.lexisnexis.telematics.domain.carrier.aggregate.rule.PolicyHasAddressRule" c:errorCode="policy.addressRequired" c:msgSource-ref="messageSource"/>
        <bean class="com.lexisnexis.telematics.domain.carrier.aggregate.rule.PolicyStartDateRule" c:errorCode="invalidChangeEffectiveDate" c:msgSource-ref="messageSource"/>
    </util:list>

    <util:list id="participantNotRegisteredRules">
        <bean class="com.lexisnexis.telematics.domain.participant.aggregate.rule.ParticipantRegisteredRule" c:errorCode="participant.isNotRegistered" c:msgSource-ref="messageSource"/>
    </util:list>

    <bean id="getStatsServicesValidator" class="com.lexisnexis.telematics.domain.carrier.aggregate.rule.PolicyBasicValidator">
        <property name="rules" ref="policyNotExistsRules" />
    </bean>

    <bean id="getStatsServicesParticipantValidator" class="com.lexisnexis.telematics.domain.participant.aggregate.rule.ParticipantBasicValidator">
        <property name="rules" ref="participantNotRegisteredRules" />
    </bean>

    <bean id="addPolicyValidator" class="com.lexisnexis.telematics.domain.carrier.aggregate.rule.PolicyValidator">        
        <property name="rules" ref="addPolicyRules" />
    </bean> 

    <util:list id="cancelPolicyRules">
        <bean class="com.lexisnexis.telematics.domain.carrier.aggregate.rule.PolicyEndDateRule" c:errorCode="invalidChangeEffectiveDate" c:msgSource-ref="messageSource"/>
    </util:list>
 
    <bean id="cancelPolicyValidator" class="com.lexisnexis.telematics.domain.carrier.aggregate.rule.PolicyValidator">        
        <property name="rules" ref="cancelPolicyRules" />
    </bean> 
 
    <util:list id="getPolicyRules">
        <bean class="com.lexisnexis.telematics.domain.carrier.aggregate.rule.PolicyEffectiveRule" c:errorCode="policy.isNotEffective" c:msgSource-ref="messageSource"/>
    </util:list>
 
    <bean id="getPolicyValidator" class="com.lexisnexis.telematics.domain.carrier.aggregate.rule.PolicyValidator">        
        <property name="rules" ref="getPolicyRules" />
    </bean> 
       
    <bean id="addPolicyParticipantValidator" class="com.lexisnexis.telematics.domain.participant.aggregate.rule.ParticipantValidator">        
        <property name="rules">
        	<list>
            <bean class="com.lexisnexis.telematics.domain.participant.aggregate.rule.ParticipantLastNameRule" c:errorCode="participant.invalidLastName" c:msgSource-ref="messageSource"/>
	        <bean class="com.lexisnexis.telematics.domain.participant.aggregate.rule.ParticipantFirstNameRule" c:errorCode="participant.invalidFirstName" c:msgSource-ref="messageSource" />
	        <bean class="com.lexisnexis.telematics.domain.participant.aggregate.rule.ParticipantMiddleNameRule" c:errorCode="participant.invalidMiddleName" c:msgSource-ref="messageSource"/>
	        <bean class="com.lexisnexis.telematics.domain.participant.aggregate.rule.ParticipantSuffixRule" c:errorCode="participant.invalidSuffix" c:msgSource-ref="messageSource"/>
	        <bean class="com.lexisnexis.telematics.domain.participant.aggregate.rule.ParticipantDateOfBirthRule" c:errorCode="participant.invalidDOB" c:msgSource-ref="messageSource"/>
	        <bean class="com.lexisnexis.telematics.domain.participant.aggregate.rule.ParticipantDriversLicenseNumberRule" c:errorCode="participant.invalidDLNbr" c:msgSource-ref="messageSource"/>
	        <bean class="com.lexisnexis.telematics.domain.participant.aggregate.rule.ParticipantDriversLicenseStateRule" c:errorCode="participant.invalidDLState" c:msgSource-ref="messageSource"/>
	        <bean class="com.lexisnexis.telematics.domain.participant.aggregate.rule.ParticipantEmailRule" c:errorCode="participant.invalidEmail" c:msgSource-ref="messageSource"/>
	        <bean class="com.lexisnexis.telematics.domain.participant.aggregate.rule.ParticipantPhoneNumberRule" c:errorCode="participant.invalidPhone" c:msgSource-ref="messageSource"/>
	        <bean class="com.lexisnexis.telematics.domain.participant.aggregate.rule.ParticipantRelationshipRule" c:errorCode="participant.invalidRelationShip" c:msgSource-ref="messageSource"/>
	        <bean class="com.lexisnexis.telematics.domain.participant.aggregate.rule.ParticipantEmailExistsRule" c:errorCode="participant.alreadyExists" c:msgSource-ref="messageSource"/>
	        <bean class="com.lexisnexis.telematics.domain.participant.aggregate.rule.ParticipantPrimaryPolicyHolderRule" c:errorCode="participant.onlyOnePrimaryAllowed" c:msgSource-ref="messageSource"/>
	        <bean class="com.lexisnexis.telematics.domain.participant.aggregate.rule.ParticipantPrimaryParticipantAddressRule" c:errorCode="participant.primaryMustHaveAddr" c:msgSource-ref="messageSource"/>
	        <bean class="com.lexisnexis.telematics.domain.participant.aggregate.rule.ParticipantExistsWithSameDLRule" c:errorCode="participant.DLAlreadyExists" c:msgSource-ref="messageSource"/>
	        <bean class="com.lexisnexis.telematics.domain.participant.aggregate.rule.ParticipantPhoneNumberExistsRule" c:errorCode="participant.alreadyExists" c:msgSource-ref="messageSource"/>
	        </list>
         </property>
    </bean>
    
    <bean id="addPolicyVehicleValidator" class="com.lexisnexis.telematics.domain.vehicle.rule.VehicleValidator">        
        <property name="rules">
        	<list>
			<bean class="com.lexisnexis.telematics.domain.vehicle.rule.VehicleVinRule" c:errorCode="vehicle.invalidVIN" c:msgSource-ref="messageSource"/>
			<bean class="com.lexisnexis.telematics.domain.vehicle.rule.VehicleMakeRule" c:errorCode="vehicle.invalidMake" c:msgSource-ref="messageSource"/>
			<bean class="com.lexisnexis.telematics.domain.vehicle.rule.VehicleModelRule" c:errorCode="vehicle.invalidModel" c:msgSource-ref="messageSource"/>
			<bean class="com.lexisnexis.telematics.domain.vehicle.rule.VehicleYearRule" c:errorCode="vehicle.invalidYear" c:msgSource-ref="messageSource"/>
			<bean class="com.lexisnexis.telematics.domain.vehicle.rule.VehicleHasPrimaryDriverRule" c:errorCode="vehicle.invalidPrimaryPhoneNbr" c:msgSource-ref="messageSource"/>
	        <bean class="com.lexisnexis.telematics.domain.vehicle.rule.VehicleAlreadyExistsRule" c:errorCode="vehicle.alreadyExists" c:msgSource-ref="messageSource"/>
        	</list>
        </property>
     </bean>
     
    <bean id="addPolicySensorOrderValidator" class="com.lexisnexis.telematics.domain.carrier.aggregate.rule.SensorOrderValidator">        
        <property name="rules" ref="addSensorOrderRules" />
    </bean>    
           
    <bean id="addParticipantValidator" parent="addPolicyParticipantValidator" class="com.lexisnexis.telematics.domain.participant.aggregate.rule.ParticipantValidator">        
        <property name="rules">
        	<list merge="true">
        	<bean class="com.lexisnexis.telematics.domain.participant.aggregate.rule.ParticipantPolicyFutureStartDateRule" c:errorCode="policy.notyetActive" c:msgSource-ref="messageSource"/>
        	<bean class="com.lexisnexis.telematics.domain.participant.aggregate.rule.ParticipantStartDateRule" c:errorCode="invalidChangeEffectiveDate" c:msgSource-ref="messageSource"/>   
        	</list>
        </property>
    </bean> 
     
	 <util:list id="cancelParticipantRules">
	 	<bean class="com.lexisnexis.telematics.domain.participant.aggregate.rule.ParticipantEndDateRule" c:errorCode="invalidChangeEffectiveDate" c:msgSource-ref="messageSource"/>
	 </util:list>
 
     <bean id="cancelParticipantValidator" class="com.lexisnexis.telematics.domain.participant.aggregate.rule.ParticipantValidator">        
        <property name="rules" ref="cancelParticipantRules" />
     </bean> 
     
     <bean id="addVehicleValidator" parent="addPolicyVehicleValidator" class="com.lexisnexis.telematics.domain.vehicle.rule.VehicleValidator">        
        <property name="rules">
        	<list merge="true">
	        <bean class="com.lexisnexis.telematics.domain.vehicle.rule.VehicleStartDateRule" c:errorCode="invalidChangeEffectiveDate" c:msgSource-ref="messageSource"/>
	        <bean class="com.lexisnexis.telematics.domain.vehicle.rule.VehiclePolicyFutureStartDateRule" c:errorCode="policy.notyetActive" c:msgSource-ref="messageSource"/>
        	</list>
        </property>
    </bean>  

     <bean id="updateVehicleValidator" parent="addPolicyVehicleValidator" class="com.lexisnexis.telematics.domain.vehicle.rule.VehicleValidator">        
        <property name="rules">
        	<list merge="true">
	        <bean class="com.lexisnexis.telematics.domain.vehicle.rule.VehicleFutureStartDateRule" c:errorCode="vehicle.notyetActive" c:msgSource-ref="messageSource"/>
			<bean class="com.lexisnexis.telematics.domain.vehicle.rule.VehicleHasPrimaryDriverRule" c:errorCode="vehicle.invalidPrimaryPhoneNbr" c:msgSource-ref="messageSource"/>
        	</list>
        </property>
    </bean>
    
    <bean id="swapVehicleValidator" class="com.lexisnexis.telematics.domain.vehicle.rule.VehicleValidator">        
        <property name="rules">
        	<list>
	        <bean class="com.lexisnexis.telematics.domain.vehicle.rule.VehicleFutureStartDateRule" c:errorCode="vehicle.notyetActive" c:msgSource-ref="messageSource"/>
        	</list>
        </property>
    </bean>
    
	 <util:list id="cancelVehicleRules">
	 	<bean class="com.lexisnexis.telematics.domain.vehicle.rule.VehicleEndDateRule" c:errorCode="invalidChangeEffectiveDate" c:msgSource-ref="messageSource"/>
	 </util:list>
 
     <bean id="cancelVehicleValidator" class="com.lexisnexis.telematics.domain.vehicle.rule.VehicleValidator">        
        <property name="rules" ref="cancelVehicleRules" />
     </bean> 
     
    <util:list id="policyAddressRules">
       <bean class="com.lexisnexis.telematics.domain.carrier.aggregate.rule.PolicyAddressPolicyFutureStartDateRule" c:errorCode="policy.notyetActive" c:msgSource-ref="messageSource"/>
    </util:list>
 
    <bean id="updatePolicyAddressValidator" class="com.lexisnexis.telematics.domain.carrier.aggregate.rule.PolicyAddressValidator">        
       <property name="rules" ref="policyAddressRules" />
    </bean>    

    <util:list id="participantAddressRules">
        <bean class="com.lexisnexis.telematics.domain.participant.aggregate.rule.ParticipantAddressExistsRule" c:errorCode="participant.onlyPrimaryCanHaveAddress" c:msgSource-ref="messageSource"/> 
        <bean class="com.lexisnexis.telematics.domain.participant.aggregate.rule.ParticipantAddressFutureStartDateRule" c:errorCode="participant.notyetActive" c:msgSource-ref="messageSource"/>   
    </util:list>
    
    <bean id="updateParticipantAddressValidator" class="com.lexisnexis.telematics.domain.participant.aggregate.ParticipantAddressValidator">        
        <property name="rules" ref="participantAddressRules" />
    </bean> 
       
    <util:list id="participantPolicyRelationshipRules">
        <bean class="com.lexisnexis.telematics.domain.participant.aggregate.rule.ParticipantFutureStartDateRule" c:errorCode="participant.notyetActive" c:msgSource-ref="messageSource"/>   
	    <bean class="com.lexisnexis.telematics.domain.participant.aggregate.rule.ParticipantPrimaryPolicyHolderRule" c:errorCode="participant.onlyOnePrimaryAllowed" c:msgSource-ref="messageSource"/>
    </util:list>
 
    <bean id="updateParticipantPolicyRelationshipValidator" class="com.lexisnexis.telematics.domain.participant.aggregate.rule.ParticipantValidator">        
        <property name="rules" ref="participantPolicyRelationshipRules" />
    </bean>
       
    <util:list id="policyMailingAddressRules">
        <bean class="com.lexisnexis.telematics.domain.address.rule.AddressAptNumberRule" c:errorCode="address.invalidApt" c:msgSource-ref="messageSource" p:entityType="POLICY"/>
        <bean class="com.lexisnexis.telematics.domain.address.rule.AddressHouseNumberRule" c:errorCode="address.invalidHouseNbr" c:msgSource-ref="messageSource" p:entityType="POLICY"/>
        <bean class="com.lexisnexis.telematics.domain.address.rule.AddressStreetRule" c:errorCode="address.invalidStreet" c:msgSource-ref="messageSource" p:entityType="POLICY"/>
        <bean class="com.lexisnexis.telematics.domain.address.rule.AddressCityRule" c:errorCode="address.invalidCity" c:msgSource-ref="messageSource" p:entityType="POLICY"/>
        <bean class="com.lexisnexis.telematics.domain.address.rule.AddressStateRule" c:errorCode="address.invalidState" c:msgSource-ref="messageSource" p:entityType="POLICY"/>
        <bean class="com.lexisnexis.telematics.domain.address.rule.AddressPostalCodeRule" c:errorCode="address.invalidZip" c:msgSource-ref="messageSource" p:entityType="POLICY"/>
        <bean class="com.lexisnexis.telematics.domain.address.rule.AddressPostalCodePlusFourRule" c:errorCode="address.invalidZip4" c:msgSource-ref="messageSource" p:entityType="POLICY"/>
    </util:list>
    
    <bean id="policyAddressValidator" class="com.lexisnexis.telematics.domain.address.rule.AddressValidator">        
        <property name="rules" ref="policyMailingAddressRules" />
    </bean>   
    <util:list id="participantShipToAddressRules">
        <bean class="com.lexisnexis.telematics.domain.address.rule.AddressAptNumberRule" c:errorCode="participantaddress.invalidApt" c:msgSource-ref="messageSource" p:entityType="PARTICIPANT"/>
        <bean class="com.lexisnexis.telematics.domain.address.rule.AddressHouseNumberRule" c:errorCode="participantaddress.invalidHouseNbr" c:msgSource-ref="messageSource" p:entityType="PARTICIPANT"/>
        <bean class="com.lexisnexis.telematics.domain.address.rule.AddressStreetRule" c:errorCode="participantaddress.invalidStreet" c:msgSource-ref="messageSource" p:entityType="PARTICIPANT"/>
        <bean class="com.lexisnexis.telematics.domain.address.rule.AddressCityRule" c:errorCode="participantaddress.invalidCity" c:msgSource-ref="messageSource" p:entityType="PARTICIPANT"/>
        <bean class="com.lexisnexis.telematics.domain.address.rule.AddressStateRule" c:errorCode="participantaddress.invalidState" c:msgSource-ref="messageSource" p:entityType="PARTICIPANT"/>
        <bean class="com.lexisnexis.telematics.domain.address.rule.AddressPostalCodeRule" c:errorCode="participantaddress.invalidZip" c:msgSource-ref="messageSource" p:entityType="PARTICIPANT"/>
        <bean class="com.lexisnexis.telematics.domain.address.rule.AddressPostalCodePlusFourRule" c:errorCode="participantaddress.invalidZip4" c:msgSource-ref="messageSource" p:entityType="PARTICIPANT"/>
    </util:list>
    
    <bean id="participantAddressValidator" class="com.lexisnexis.telematics.domain.address.rule.AddressValidator">        
        <property name="rules" ref="participantShipToAddressRules" />
    </bean>     
    
    <util:list id="orderReplacementSensorRules">
        <bean class="com.lexisnexis.telematics.domain.carrier.aggregate.rule.SensorOrderQuantityRule" c:errorCode="sensor.invalidQty" c:msgSource-ref="messageSource"/>
        <bean class="com.lexisnexis.telematics.domain.carrier.aggregate.rule.SensorOrderStartDateRule" c:errorCode="invalidChangeEffectiveDate" c:msgSource-ref="messageSource" />
        <bean class="com.lexisnexis.telematics.domain.carrier.aggregate.rule.SensorFutureStartDateRule" c:errorCode="sensor.policyNotyetActive" c:msgSource-ref="messageSource"/>
    </util:list>
      
    <bean id="orderReplacementSensorValidator" class="com.lexisnexis.telematics.domain.carrier.aggregate.rule.SensorOrderValidator">        
        <property name="rules" ref="orderReplacementSensorRules" />
    </bean>
    
    <util:list id="addSensorOrderRules">
        <bean class="com.lexisnexis.telematics.domain.carrier.aggregate.rule.SensorOrderShippingMethodRule" c:errorCode="sensor.invalidSensorShippingMethod" c:msgSource-ref="messageSource"/>
    </util:list>
 
    <bean id="addSensorOrderValidator" class="com.lexisnexis.telematics.domain.carrier.aggregate.rule.SensorOrderValidator">        
        <property name="rules" ref="addSensorOrderRules" />
    </bean>
    
  	<util:map id="validatorMap">
    	<entry key="addPolicyCarrier" value-ref="carrierValidator"/>
    	<entry key="addPolicyAccount" value-ref="accountValidator"/>
    	<entry key="attemptToAddPolicyOnly" value-ref="attemptToAddPolicyOnlyValidator"/>
    	<entry key="attemptToAddPolicyWithParticipants" value-ref="attemptToAddPolicyWithParticipantsValidator"/>
    	<entry key="attemptToAddPolicyWithParticipantsAndVehicles" value-ref="attemptToAddPolicyWithParticipantsAndVehiclesValidator"/>    	
    	<entry key="addPolicy" value-ref="addPolicyValidator"/>
        <entry key="getStatsServices" value-ref="getStatsServicesValidator"/>
        <entry key="getStatsServicesParticipant" value-ref="getStatsServicesParticipantValidator"/>
    	<entry key="addPolicyParticipant" value-ref="addPolicyParticipantValidator"/>
    	<entry key="addPolicyVehicle" value-ref="addPolicyVehicleValidator"/>
    	<entry key="addPolicySensorOrder" value-ref="addPolicySensorOrderValidator"/>
    	<entry key="updatePolicyAddress" value-ref="updatePolicyAddressValidator"/>
    	<entry key="cancelPolicy" value-ref="cancelPolicyValidator"/>    	
    	<entry key="getPolicy" value-ref="getPolicyValidator"/> 
    	<entry key="addParticipant" value-ref="addParticipantValidator"/>
    	<entry key="updateParticipantAddress" value-ref="updateParticipantAddressValidator"/>
    	<entry key="updateParticipantPolicyRelationship" value-ref="updateParticipantPolicyRelationshipValidator"/>
    	<entry key="cancelParticipant" value-ref="cancelParticipantValidator"/>    	
    	<entry key="addVehicle" value-ref="addVehicleValidator"/>
    	<entry key="addSensorOrder" value-ref="addSensorOrderValidator"/>
    	<entry key="updateVehicle" value-ref="updateVehicleValidator"/>
    	<entry key="swapVehicle" value-ref="swapVehicleValidator"/>
    	<entry key="cancelVehicle" value-ref="cancelVehicleValidator"/>    	
    	<entry key="orderReplacementSensor" value-ref="orderReplacementSensorValidator"/>
    	<entry key="policyAddress" value-ref="policyAddressValidator"/>    	
    	<entry key="participantAddress" value-ref="participantAddressValidator"/>
    </util:map>
    
    
    
   </beans>
