<?xml version="1.0" encoding="UTF-8"?>
<beans xmlns="http://www.springframework.org/schema/beans"
	xmlns:xsi="http://www.w3.org/2001/XMLSchema-instance"
	xmlns:context="http://www.springframework.org/schema/context"
	xmlns:jdbc="http://www.springframework.org/schema/jdbc"
	xmlns:jee="http://www.springframework.org/schema/jee"
	xmlns:tx="http://www.springframework.org/schema/tx"
	xmlns:util="http://www.springframework.org/schema/util"
	xmlns:jpa="http://www.springframework.org/schema/data/jpa"
	xmlns:repository="http://www.springframework.org/schema/data/repository"
	xsi:schemaLocation="http://www.springframework.org/schema/jdbc http://www.springframework.org/schema/jdbc/spring-jdbc.xsd
		http://www.springframework.org/schema/jee http://www.springframework.org/schema/jee/spring-jee.xsd
		http://www.springframework.org/schema/beans http://www.springframework.org/schema/beans/spring-beans.xsd
		http://www.springframework.org/schema/tx http://www.springframework.org/schema/tx/spring-tx-3.0.xsd
		http://www.springframework.org/schema/context http://www.springframework.org/schema/context/spring-context.xsd
		http://www.springframework.org/schema/util http://www.springframework.org/schema/util/spring-util.xsd
		http://www.springframework.org/schema/data/jpa http://www.springframework.org/schema/data/jpa/spring-jpa-1.1.xsd
		http://www.springframework.org/schema/data/repository http://www.springframework.org/schema/data/repository/spring-repository-1.0.xsd">
    
    <context:spring-configured/>

    <jpa:repositories base-package="com.lexisnexis.telematics" entity-manager-factory-ref="entityManagerFactory"/>
    
	<tx:annotation-driven transaction-manager="transactionManager" />
    
    <bean class="org.springframework.orm.jpa.support.PersistenceAnnotationBeanPostProcessor">
        <property name="persistenceUnits">
            <map>
                <entry key="unit1" value="domain" />
            </map>
        </property>
    </bean>
    
	<bean class="org.springframework.orm.jpa.LocalContainerEntityManagerFactoryBean" name="entityManagerFactory">
        <property name="persistenceUnitName" value="domain" />
	    <property name="dataSource" ref="dataSource"/>
	    <property name="jpaVendorAdapter" ref="jpaVendorAdapter"/>
	    <property name="jpaPropertyMap">
	    	<map key-type="java.lang.String" value-type="java.lang.Object">
	    	<entry key="hibernate.dialect" value="org.hibernate.dialect.MySQL5InnoDBDialect"/>
            <entry key="jadira.usertype.databaseZone" value="jvm"/>
	    	<!-- <entry key="hibernate.max_fetch_depth" value="4"/> -->
	    	<!-- <entry key="hibernate.cache.use_second_level_cache" value="true" /> -->
	    	<!-- <entry key="hibernate.cache.use_query_cache" value="true" /> -->
	    	<!-- <entry key="hibernate.cache.region.factory_class" value="net.sf.ehcache.hibernate.SingletonEhCacheRegionFactory"/> -->
	    	</map>
	    </property>
	</bean>
	
	<bean class="org.springframework.orm.jpa.vendor.HibernateJpaVendorAdapter" name="jpaVendorAdapter">
	    <property name="showSql" value="${jpa.showSql}"/>
	    <property name="generateDdl" value="${jpa.generateDdl}"/>
	    <property name="database" value="MYSQL"/>
	</bean>
    
	<bean class="org.springframework.orm.jpa.JpaTransactionManager" name="transactionManager">
	    <property name="entityManagerFactory" ref="entityManagerFactory"/>
	</bean>
    
	<bean id="dataSource" factory-bean="dataSourceFactory" factory-method="getInstance"/>
    
    <bean id="dataSourceFactory" class="com.lexisnexis.telematics.infrastructure.spring.spel.SpelFactory">
		<property name="instance" value="#{dataSources['${db.env}']}"/>
	</bean>
    
	<util:map id="dataSources">
		 <entry key="jdbc">
            <bean class="org.springframework.jdbc.datasource.DriverManagerDataSource" lazy-init="true">
                <property name="driverClassName" value="${jdbc.driver}"/>
                <property name="url" value="${jdbc.url}"/>
                <property name="username" value="${jdbc.user}"/>
                <property name="password" value="${jdbc.password}"/>
            </bean>
        </entry>
		<entry key="jndi">
			<jee:jndi-lookup jndi-name="java:comp/env/jdbc/mobileTelematics" resource-ref="true" lookup-on-startup="false" proxy-interface="javax.sql.DataSource"/>
		</entry>
	</util:map>
    
</beans>
